# Netlify Redirects - manage369.com
# Last updated: 2025

# CRITICAL: Redirect non-www to www (NETLIFY RECOMMENDED) - MUST BE FIRST
https://manage369.com/*         https://www.manage369.com/:splat    301!
http://manage369.com/*          https://www.manage369.com/:splat    301!
manage369.com/*                 https://www.manage369.com/:splat    301!

# Specific redirects for important files
https://manage369.com/sitemap.xml    https://www.manage369.com/sitemap.xml    301!
https://manage369.com/robots.txt     https://www.manage369.com/robots.txt     301!
https://manage369.com/index.html     https://www.manage369.com/               301!

# SECURITY: Block spam/hacked content (CRITICAL)
/tinggi/*              /404.html              404!
/*wow=*                /404.html              404!
/*slot=*               /404.html              404!
/*casino=*             /404.html              404!
/*apk=*                /404.html              404!
/*gambling=*           /404.html              404!
/*mahjong=*            /404.html              404!

# FIX: Incorrect Glencoe URL
/glencoe               /property-management/glencoe/     301!

# SEO: Remove index.html from URLs
/index.html            /                      301!
/home                  /                      301!
/home.html             /                      301!
/about.html            /                      301!
/about-us.html         /                      301!
/contact-us.html       /contact.html          301!

# Fix broken service page links
/services.html         /services/             301!
/our-services          /services/             301!
/forms-documents.html  /forms.html            301!
/blog.html             /blog/                 301!

# Old property management URLs to new structure
/property-management.html                    /property-management/        301!
/property-management-glenview.html           /property-management/glenview/      301!
/glenview-property-management.html           /property-management/glenview/      301!
/property-management-winnetka.html           /property-management/winnetka/      301!
/winnetka-property-management.html           /property-management/winnetka/      301!
/property-management-wilmette.html           /property-management/wilmette/      301!
/wilmette-property-management.html           /property-management/wilmette/      301!
/property-management-evanston.html           /property-management/evanston/      301!
/evanston-property-management.html           /property-management/evanston/      301!
/property-management-highland-park.html      /property-management/highland-park/ 301!
/highland-park-property-management.html      /property-management/highland-park/ 301!

# Additional property management redirects (fixing 404s)
/property-management-rogers-park.html        /property-management/rogers-park/    301!
/property-management-glencoe.html            /property-management/glencoe/        301!
/property-management-kenilworth.html         /property-management/kenilworth/     301!
/property-management-skokie.html             /property-management/skokie/         301!
/property-management-lake-forest.html        /property-management/lake-forest/    301!
/property-management-northbrook.html         /property-management/northbrook/     301!

# Service page redirects
/condominium-management.html      /services/condominium-management/     301!
/condo-management.html             /services/condominium-management/     301!
/hoa-management.html               /services/hoa-management/             301!
/homeowner-association.html        /services/hoa-management/             301!
/townhome-management.html          /services/townhome-management/        301!
/financial-management.html         /services/financial-management/       301!
/maintenance-coordination.html     /services/maintenance-coordination/   301!

# Blog category redirects (fixing 404s)
/blog/category/hoa-guidance.html   /blog/                                301!
/blog/category/*                   /blog/                                301!

# Favicon redirect
/images/favicon.ico                /favicon.ico                          301!

# Common misspellings and variations
/propery-management/*              /property-management/:splat           301!
/property-managment/*              /property-management/:splat           301!
/property-mangement/*              /property-management/:splat           301!